<application>
  <component name="ProjectManager">
    <defaultProject>
      <component name="PropertiesComponent"><![CDATA[{
  "keyToString": {
    "settings.editor.selected.configurable": "preferences.lookFeel"
  }
}]]></component>
      <component name="WindowStateProjectService">
        <state x="223" y="54" key="SettingsEditor" timestamp="1719306840881">
          <screen x="0" y="0" width="1440" height="912" />
        </state>
        <state x="223" y="54" key="SettingsEditor/0.0.1440.912/-1920.111.1920.1032" timestamp="1719306840881" />
      </component>
    </defaultProject>
  </component>
</application>