<application>
  <component name="Translation.Cache">
    <option name="lastTrimTime" value="1720404903810" />
  </component>
  <component name="Translation.States">
    <option name="translationDialogHeight" value="260" />
    <option name="translationDialogLocationX" value="380" />
    <option name="translationDialogLocationY" value="325" />
    <option name="translationDialogWidth" value="678" />
    <histories>
      <item value="field" />
      <item value="字段" />
      <item value="zidua" />
      <item value="filed" />
      <item value="f" />
      <item value="ReferenceError" />
      <item value="Provide" />
      <item value="面板" />
      <item value="mian'bian" />
      <item value="mian" />
      <item value="loaded" />
      <item value="NotifyScriptParsed" />
      <item value="currentTypeObj" />
      <item value="收藏" />
      <item value="取消&#10;" />
      <item value="取消收藏&#10;" />
      <item value="取消收藏" />
      <item value="origin" />
      <item value="Constants" />
      <item value="constants" />
      <item value="consta" />
      <item value="秒" />
      <item value="miao" />
      <item value="字母&#10;" />
      <item value="字母" />
      <item value="zi'mu" />
      <item value="祖母" />
      <item value="zu'mi" />
      <item value="zimu" />
      <item value="通讯录&#10;" />
      <item value="序号" />
      <item value="flow" />
      <item value="Wavy" />
      <item value=" initializer and is not definitely assigned in the constructor." />
      <item value="首页&#10;" />
      <item value="shou" />
      <item value="导航" />
      <item value="The Key Promoter X helps you to learn essential shortcuts while you are working. When you use the mouse on a button inside the IDE, the Key Promoter X shows you the keyboard shortcut that you should have used instead. This provides an easy way to learn how to replace tedious mouse work with keyboard keys and helps to transition to a faster, mouse free development. The Key Promoter X tool window shows you a hit-list of the mouse actions you use the most and directly provides you with the shortcut you can use instead. For buttons that don't have a shortcut, the Key Promoter X prompts you with the possibility to directly create one.  If Key Promoter X helps you save time and money, consider supporting me by becoming a sponsor of my work. Sponsors allow me to dedicate time to the plugin and keep it running on all the JetBrains IDEs you love." />
      <item value="The IDE has detected Microsoft Defender with Real-Time Protection enabled. It might severely degrade IDE performance. It is recommended to add the following paths to the Defender folder exclusion list: " />
      <item value="Project Structure..." />
    </histories>
    <option name="languageScores">
      <map>
        <entry key="CHINESE" value="114" />
        <entry key="ENGLISH" value="99" />
      </map>
    </option>
  </component>
</application>