<application>
  <component name="Translation.Cache">
    <option name="lastTrimTime" value="1719372191908" />
  </component>
  <component name="Translation.States">
    <option name="translationDialogHeight" value="260" />
    <option name="translationDialogLocationX" value="419" />
    <option name="translationDialogLocationY" value="325" />
    <histories>
      <item value="Project Structure..." />
    </histories>
    <option name="languageScores">
      <map>
        <entry key="CHINESE" value="1" />
      </map>
    </option>
  </component>
</application>